id;account_name;account_number;notes
1;Investment Account;West;deliverables Plastic action-items
2;Money Market Account;Metal AI clear-thinking;Integration Savings
3;Money Market Account;client-server;Security cross-platform
4;Savings Account;International;program
5;Auto Loan Account;global Health;Liechtenstein invoice
6;Home Loan Account;protocol;Towels Forks
7;Home Loan Account;hard;Pennsylvania York
8;Savings Account;Jewelery Central;facilitate
9;Money Market Account;Peso Fresh frame;Communications Refined
10;Auto Loan Account;Bike composite artificial;Generic
